control_id,community_control,source_sections,source_domain,evidence_focus
SSP-01,"Scope, assets, and accountability","1.1-1.4; 1.10-1.15","Governance, architecture, secure SDLC","Scope, owners, assets, dependencies, approvals"
SSP-02,"Threat modeling and trust boundaries","1.3; 1.5-1.7","Governance, architecture, secure SDLC","Threat model, abuse cases, trust boundaries"
SSP-03,"Identity and authorization","2.3-2.17; 2.20-2.35","Identity, AuthN, AuthZ, sessions, anti-abuse","Principal/action/resource checks, negative cases"
SSP-04,"Data protection and privacy","4.1-4.23","Data, database, RLS, privacy, compliance","Data flow, classification, retention, deletion"
SSP-05,"Secure configuration and fail-closed behavior","1.4; 1.16; 2.35; 5.1-5.10","Governance, identity, secrets","Invalid/missing configuration, credentials, secret paths"
SSP-06,"Inputs, APIs, and business logic","3.1-3.40","Web, API, injection, business logic","Server-side validation, authorization, negative tests"
SSP-07,"Dependencies, origin, and build integrity","5.16-5.28","Cloud, infrastructure, secrets, supply chain","Lockfiles, SBOM, signatures, provenance, digest"
SSP-08,"Infrastructure and isolation","5.29-5.40","Cloud, infrastructure, secrets, supply chain","Effective network paths, zones, exposure"
SSP-09,"Agentic AI, memory, and MCP","9.1-9.34","AI, RAG, agents, MCP","Capabilities, exact approval binding, memory, containment"
SSP-10,"Reliability, change, and recovery","6.1-6.32","Reliability, resilience, performance, disaster recovery","Failure handling, restore, migration and effect safety"
SSP-11,"Logs, detection, and response","7.1-7.20","Logging, audit, detection, incident response","Redaction, alerts, exercises, evidence preservation"
SSP-12,"Verification and release decision","0.4-0.6; 8.1-8.11; 12; 27-28","Cross-domain release assurance","Exact candidate, current evidence, release decision"
SSP-13,"Accessibility, obligations, and continuous improvement","0.1; 4.12-4.21; 8; 18-28","Cross-cutting governance and assurance","Applicability, source freshness, accessibility, review"
